authors,title,link,written,premiered,printed,source,id
"Андреев, Леонид Николаевич",К звёздам,https://dracor.org/rus/andreyev-k-zvezdam,1905,1906,,Библиотека Максима Мошкова (lib.ru),rus000194
"Андреев, Леонид Николаевич",Мысль,https://dracor.org/rus/andreyev-mysl,1913,1914,1914,Библиотека Максима Мошкова (lib.ru),rus000137
"Андреев, Леонид Николаевич",Не убий,https://dracor.org/rus/andreyev-ne-ubiy,1913,1913,1913,Библиотека Максима Мошкова (lib.ru),rus000138
"Афиногенов, Александр Николаевич",Машенька,https://dracor.org/rus/afinogenov-mashenka,1940,1941,1941,Wikisource,rus000167
"Бабель, Исаак Эммануилович",Мария,https://dracor.org/rus/babel-marija,1934,1964,1935,Wikilivres/Bibliowiki,rus000119
"Бабель, Исаак Эммануилович",Закат,https://dracor.org/rus/babel-zakat,,1927,1928,Wikilivres/Bibliowiki,rus000118
"Бельский, Владимир Иванович",Сказание о невидимом граде Китеже и деве Февронии,https://dracor.org/rus/belsky-skazanie-o-nevidimom-grade-kitezhe,1903,1907,1907,Библиотека Максима Мошкова (lib.ru),rus000205
"Блок, Александр Александрович",Балаганчик,https://dracor.org/rus/blok-balaganchik,1906,1906,1906,Библиотека Максима Мошкова (lib.ru),rus000022
"Блок, Александр Александрович",Король на площади,https://dracor.org/rus/blok-korol-na-ploschadi,1906,,1907,Библиотека Максима Мошкова (lib.ru),rus000075
"Блок, Александр Александрович",Незнакомка,https://dracor.org/rus/blok-neznakomka,1906,1913,1907,Библиотека Максима Мошкова (lib.ru),rus000074
"Булгаков, Михаил Афанасьевич",Адам и Ева,https://dracor.org/rus/bulgakov-adam-i-eva,1931,,1971,Библиотека Максима Мошкова (lib.ru),rus000193
"Булгаков, Михаил Афанасьевич",Батум,https://dracor.org/rus/bulgakov-batum,1939,1992,1977,Библиотека Максима Мошкова (lib.ru),rus000192
"Булгаков, Михаил Афанасьевич",Бег,https://dracor.org/rus/bulgakov-beg,1928,1957,,Библиотека Максима Мошкова (lib.ru),rus000134
"Булгаков, Михаил Афанасьевич",Дни Турбиных,https://dracor.org/rus/bulgakov-dni-turbinyh,1926,1926,1955,Интернет-библиотека Алексея Комарова,rus000073
"Булгаков, Михаил Афанасьевич",Иван Васильевич,https://dracor.org/rus/bulgakov-ivan-vasilevich,1936,1967,1965,Библиотека Максима Мошкова (lib.ru),rus000083
"Булгаков, Михаил Афанасьевич",Кабала святош (Мольер),https://dracor.org/rus/bulgakov-kabala-svjatosh,,1936,1962,Библиотека Максима Мошкова (lib.ru),rus000090
"Булгаков, Михаил Афанасьевич",Полоумный Журден,https://dracor.org/rus/bulgakov-poloumnyj-zhurden,1932,,1965,Библиотека Максима Мошкова (lib.ru),rus000141
"Булгаков, Михаил Афанасьевич",Последние дни (Пушкин),https://dracor.org/rus/bulgakov-poslednie-dni,1935,1943,1955,Библиотека Максима Мошкова (lib.ru),rus000087
"Булгаков, Михаил Афанасьевич",Война и мир,https://dracor.org/rus/bulgakov-vojna-i-mir,1932,,1986,Библиотека Максима Мошкова (lib.ru),rus000191
"Булгаков, Михаил Афанасьевич",Зойкина квартира,https://dracor.org/rus/bulgakov-zojkina-kvartira,1925,1926,1929,Библиотека Максима Мошкова (lib.ru),rus000170
"Глинка, Фёдор Николаевич","Вельзен, или освобожденная Голландия",https://dracor.org/rus/glinka-velzen,1808,,1810,Библиотека Максима Мошкова (lib.ru),rus000121
"Гоголь, Николай Васильевич",Театральный разъезд после представления новой комедии,https://dracor.org/rus/gogol-teatralnyi-razezd,1842,,1842,Интернет-библиотека Алексея Комарова,rus000053
"Гоголь, Николай Васильевич",Тяжба,https://dracor.org/rus/gogol-tjazhba,1836,1844,1842,Интернет-библиотека Алексея Комарова,rus000052
"Гоголь, Николай Васильевич",Утро делового человека,https://dracor.org/rus/gogol-utro-delovogo-cheloveka,1836,,1836,Интернет-библиотека Алексея Комарова,rus000051
"Гоголь, Николай Васильевич",Женитьба,https://dracor.org/rus/gogol-zhenitba,1835,1842,1842,Интернет-библиотека Алексея Комарова,rus000050
"Гоголь, Николай Васильевич",Игроки,https://dracor.org/rus/gogol-igroki,1842,1843,1842,Интернет-библиотека Алексея Комарова,rus000088
"Гоголь, Николай Васильевич",Лакейская,https://dracor.org/rus/gogol-lakeiskaja,1840,,1842,Интернет-библиотека Алексея Комарова,rus000056
"Гоголь, Николай Васильевич",Отрывок,https://dracor.org/rus/gogol-otryvok,1842,,1842,Интернет-библиотека Алексея Комарова,rus000055
"Гоголь, Николай Васильевич",Ревизор,https://dracor.org/rus/gogol-revizor,1835,1836,1836,Интернет-библиотека Алексея Комарова,rus000054
"Горький, Максим",Егор Булычов и другие,https://dracor.org/rus/gorky-egor-bulychov-i-drugie,1931,1932,1932,Интернет-библиотека Алексея Комарова,rus000049
"Горький, Максим",На дне,https://dracor.org/rus/gorky-na-dne,1902,1902,1903,Интернет-библиотека Алексея Комарова,rus000048
"Горький, Максим",Васса Железнова (Мать),https://dracor.org/rus/gorky-vassa-zheleznova,1910,1936,1910,Библиотека Максима Мошкова (lib.ru),rus000163
"Грибоедов, Александр Сергеевич",Горе от ума,https://dracor.org/rus/griboyedov-gore-ot-uma,1824,,1825,Интернет-библиотека Алексея Комарова,rus000047
"Грибоедов, Александр Сергеевич",Молодые супруги,https://dracor.org/rus/griboyedov-molodye-suprugi,,1815,1815,Библиотека Максима Мошкова (lib.ru),rus000151
"Гумилёв, Николай Степанович",Гондла,https://dracor.org/rus/gumilyov-gondla,1916,1920,1917,Wikisource,rus000043
"Гумилёв, Николай Степанович",Актеон,https://dracor.org/rus/gumilyov-akteon,1913,,1913,Wikisource,rus000046
"Гумилёв, Николай Степанович",Дитя Аллаха,https://dracor.org/rus/gumilyov-ditja-allaha,1916,1922,1917,Wikisource,rus000045
"Гумилёв, Николай Степанович",Дон-Жуан в Египте,https://dracor.org/rus/gumilyov-don-zhuan-v-egipte,1911,1913,1911,Wikisource,rus000044
"Дашкова, Екатерина Романовна",Тоисиоков,https://dracor.org/rus/dashkova-toisiokov,,,1786,Библиотека Максима Мошкова (lib.ru),rus000109
"Загоскин, Михаил Николаевич",Благородный театр,https://dracor.org/rus/zagoskin-blagorodnyj-teatr,1828,1828,1828,Библиотека Максима Мошкова (lib.ru),rus000148
"Капнист, Василий Васильевич",Антигона,https://dracor.org/rus/kapnist-antigona,,1814,1849,Русская виртуальная библиотека (rvb.ru),rus000114
"Капнист, Василий Васильевич",Ябеда,https://dracor.org/rus/kapnist-yabeda,1798,1798,1798,Русская виртуальная библиотека (rvb.ru),rus000125
"Кедрин, Дмитрий Борисович",Рембрандт,https://dracor.org/rus/kedrin-rembrandt,1938,,1940,Библиотека Максима Мошкова (lib.ru),rus000129
"Княжнин, Яков Борисович",Чудаки,https://dracor.org/rus/knyazhnin-chudaki,1790,,1793,Русская виртуальная библиотека (rvb.ru),rus000140
"Княжнин, Яков Борисович",Дидона,https://dracor.org/rus/knyazhnin-didona,1769,1769,1790,Русская виртуальная библиотека (rvb.ru),rus000127
"Княжнин, Яков Борисович",Хвастун,https://dracor.org/rus/knyazhnin-hvastun,1785,1785,1786,Русская виртуальная библиотека (rvb.ru),rus000139
"Княжнин, Яков Борисович","Неудачный примиритель, или Без обеду домой поеду",https://dracor.org/rus/knyazhnin-neudachnyj-primiritel,,1790,1787,Русская виртуальная библиотека (rvb.ru),rus000166
"Княжнин, Яков Борисович",Ольга,https://dracor.org/rus/knyazhnin-olga,1772,,,Русская виртуальная библиотека (rvb.ru),rus000108
"Княжнин, Яков Борисович",Росслав,https://dracor.org/rus/knyazhnin-rosslav,,1784,1784,Русская виртуальная библиотека (rvb.ru),rus000154
"Княжнин, Яков Борисович","Траур, или Утешенная вдова",https://dracor.org/rus/knyazhnin-traur,1787,1789,1803,Русская виртуальная библиотека (rvb.ru),rus000168
"Княжнин, Яков Борисович",Вадим Новгородский,https://dracor.org/rus/knyazhnin-vadim-novgorodskij,1789,,1793,Русская виртуальная библиотека (rvb.ru),rus000136
"Кокошкин, Фёдор Фёдорович","Воспитание, или вот приданое",https://dracor.org/rus/kokoshkin-vospitanie,1823,1824,1824,Библиотека Максима Мошкова (lib.ru),rus000147
"Кропотов, Пётр Андреевич",Фомушка – бабушкин внучек,https://dracor.org/rus/kropotov-fomushka,1785,,1790,Библиотека Максима Мошкова (lib.ru),rus000115
"Крылов, Иван Андреевич",Американцы,https://dracor.org/rus/krylov-amerikantsy,1788,1800,,Wikisource,rus000041
"Крылов, Иван Андреевич",Филомела,https://dracor.org/rus/krylov-filomela,1786,,1793,Русская виртуальная библиотека (rvb.ru),rus000107
"Крылов, Иван Андреевич",Модная лавка,https://dracor.org/rus/krylov-modnaja-lavka,,1806,1807,Русская виртуальная библиотека (rvb.ru),rus000102
"Крылов, Иван Андреевич",Пирог,https://dracor.org/rus/krylov-pirog,1801,,1869,Русская виртуальная библиотека (rvb.ru),rus000113
"Крылов, Иван Андреевич",Подщипа или Трумф,https://dracor.org/rus/krylov-podschipa-ili-trumf,1800,,1859,Wikisource,rus000040
"Крылов, Иван Андреевич",Проказники,https://dracor.org/rus/krylov-prokazniki,1788,,1793,Русская виртуальная библиотека (rvb.ru),rus000132
"Крылов, Иван Андреевич",Сонный порошок или похищенная крестьянка,https://dracor.org/rus/krylov-sonnyj-poroshok,1798,1800,1905,Wikisource,rus000039
"Крылов, Иван Андреевич",Урок дочкам,https://dracor.org/rus/krylov-urok-dochkam,,1807,1807,Wikisource,rus000038
"Лажечников, Иван Иванович",Окопировался,https://dracor.org/rus/lazhechnikov-okopirovalsya,,1854,1855,Библиотека Максима Мошкова (lib.ru),rus000131
"Ленский, Дмитрий Тимофеевич","Хороша и дурна, и глупа и умна",https://dracor.org/rus/lensky-horosha-i-durna,,1833,,Библиотека Максима Мошкова (lib.ru),rus000106
"Лермонтов, Михаил Юрьевич",Маскарад,https://dracor.org/rus/lermontov-maskarad,1836,1852,1842,Интернет-библиотека Алексея Комарова,rus000037
"Лермонтов, Михаил Юрьевич",Menschen und Leidenschaften,https://dracor.org/rus/lermontov-menschen-und-leidenschaften,1830,,1880,Фундаментальная электронная библиотека (ФЭБ),rus000146
"Лермонтов, Михаил Юрьевич",Странный человек,https://dracor.org/rus/lermontov-strannyj-chelovek,1831,1916,1860,Фундаментальная электронная библиотека (ФЭБ),rus000126
"Лесков, Николай Семенович",Расточитель,https://dracor.org/rus/leskov-rastochitel,1867,1867,1867,Русская виртуальная библиотека (rvb.ru),rus000155
"Ломоносов, Михаил Васильевич",Демофонт,https://dracor.org/rus/lomonosov-demofont,1751,,1752,Русская виртуальная библиотека (rvb.ru),rus000036
"Ломоносов, Михаил Васильевич",Тамира и Селим,https://dracor.org/rus/lomonosov-tamira-i-selim,,,1750,Русская виртуальная библиотека (rvb.ru),rus000035
"Майков, Василий Иванович",Агриопа,https://dracor.org/rus/majkov-agriopa,,1769,1775,Русская виртуальная библиотека (rvb.ru),rus000105
"Майков, Василий Иванович",Фемист и Иеронима,https://dracor.org/rus/majkov-femist-i-ieronima,1773,,1775,Русская виртуальная библиотека (rvb.ru),rus000120
"Мамин-Сибиряк, Дмитрий Наркисович",Маленькая правда,https://dracor.org/rus/mamin-sibirjak-malenkaja-pravda,1891,,,Библиотека Максима Мошкова (lib.ru),rus000199
"Мамин-Сибиряк, Дмитрий Наркисович",Золотопромышленники,https://dracor.org/rus/mamin-sibirjak-zolotopromyshlenniki,1886,1887,1887,Библиотека Максима Мошкова (lib.ru),rus000200
"Маяковский, Владимир Владимирович",Баня,https://dracor.org/rus/mayakovsky-banja,1929,1930,1929,Интернет-библиотека Алексея Комарова,rus000034
"Маяковский, Владимир Владимирович",Клоп,https://dracor.org/rus/mayakovsky-klop,1928,1929,1929,Интернет-библиотека Алексея Комарова,rus000091
"Маяковский, Владимир Владимирович",Мистерия-буфф,https://dracor.org/rus/mayakovsky-misteriya-buff,,1921,1921,ФЭБ (feb-web.ru),rus000093
"Мережковский, Дмитрий Сергеевич",Павел первый,https://dracor.org/rus/merezhkovsky-pavel-pervyj,1908,1917,1908,Библиотека Максима Мошкова (lib.ru),rus000164
"Найдёнов, Сергей Александрович",Дети Ванюшина,https://dracor.org/rus/naydyonov-deti-vanjushina,1901,1901,,Wikisource,rus000033
"Некрасов, Николай Алексеевич",Актер,https://dracor.org/rus/nekrasov-akter,,1841,1841,Библиотека Максима Мошкова (lib.ru),rus000145
"Некрасов, Николай Алексеевич",Юность Ломоносова,https://dracor.org/rus/nekrasov-junost-lomonosova,1840,,1902,Библиотека Максима Мошкова (lib.ru),rus000172
"Некрасов, Николай Алексеевич",Шила в мешке не утаишь – девушки под замком не удержишь,https://dracor.org/rus/nekrasov-shila-v-meshke-ne-utaish,,1841,1841,Библиотека Максима Мошкова (lib.ru),rus000158
"Некрасов, Николай Алексеевич",Забракованные,https://dracor.org/rus/nekrasov-zabrakovannye,,,1859,Библиотека Максима Мошкова (lib.ru),rus000135
"Николев, Николай Петрович",Самолюбивый стихотворец,https://dracor.org/rus/nikolev-samolyubivyj-stihotvorec,1775,1781,1787,Библиотека Максима Мошкова (lib.ru),rus000130
"Озеров, Владислав Александрович",Димитрий Донской,https://dracor.org/rus/ozerov-dmitrij-donskoj,1807,1807,,Библиотека Максима Мошкова (lib.ru),rus000086
"Островский, Александр Николаевич",Неожиданный случай,https://dracor.org/rus/ostrovsky-neozhidannyj-sluchaj,1850,1902,1851,Библиотека Максима Мошкова (lib.ru),rus000190
"Островский, Александр Николаевич",Дмитрий Самозванец и Василий Шуйский,https://dracor.org/rus/ostrovsky-dmitrij-samozvanets-i-vasilij-shujskij,1866,1867,1867,Библиотека Максима Мошкова (lib.ru),rus000206
"Островский, Александр Николаевич",Невольницы,https://dracor.org/rus/ostrovsky-nevolnicy,1881,1883,1881,Библиотека Максима Мошкова (lib.ru),rus000180
"Островский, Александр Николаевич",Доходное место,https://dracor.org/rus/ostrovsky-dohodnoe-mesto,1856,1857,1856,Библиотека Максима Мошкова (lib.ru),rus000160
"Островский, Александр Николаевич",Последняя жертва,https://dracor.org/rus/ostrovsky-poslednyaya-zhertva,1877,1877,1878,Библиотека Максима Мошкова (lib.ru),rus000152
"Островский, Александр Николаевич",Горячее сердце,https://dracor.org/rus/ostrovsky-goryachee-serdce,1868,1869,1869,Библиотека Максима Мошкова (lib.ru),rus000159
"Островский, Александр Николаевич","Свои собаки грызутся, чужая не приставай",https://dracor.org/rus/ostrovsky-svoi-sobaki-gryzutsya-chuzhaya-ne-pristavaj,1861,1861,1861,Библиотека Максима Мошкова (lib.ru),rus000185
"Островский, Александр Николаевич",Поздняя любовь,https://dracor.org/rus/ostrovsky-pozdnyaya-lyubov,1873,1873,1874,Библиотека Максима Мошкова (lib.ru),rus000204
"Островский, Александр Николаевич",Трудовой хлеб,https://dracor.org/rus/ostrovsky-trudovoj-hleb,1874,1874,1874,Библиотека Максима Мошкова (lib.ru),rus000203
"Островский, Александр Николаевич",Тяжелые дни,https://dracor.org/rus/ostrovsky-tyazhelye-dni,1863,1863,1863,Библиотека Максима Мошкова (lib.ru),rus000201
"Островский, Александр Николаевич",Грех да беда на кого не живет,https://dracor.org/rus/ostrovsky-greh-da-beda-na-kogo-ne-zhivet,1862,1863,1863,Библиотека Максима Мошкова (lib.ru),rus000198
"Островский, Александр Николаевич",Праздничный сон — до обеда,https://dracor.org/rus/ostrovsky-prazdnichnyj-son-do-obeda,1857,1857,,Библиотека Максима Мошкова (lib.ru),rus000184
"Островский, Александр Николаевич",Утро молодого человека,https://dracor.org/rus/ostrovsky-utro-molodogo-cheloveka,1850,1853,1850,Библиотека Максима Мошкова (lib.ru),rus000188
"Островский, Александр Николаевич",Гроза,https://dracor.org/rus/ostrovsky-groza,1859,1859,1860,Интернет-библиотека Алексея Комарова,rus000030
"Островский, Александр Николаевич",В чужом пиру похмелье,https://dracor.org/rus/ostrovsky-v-chuzhom-piru-pohmelje,1856,1856,1856,Библиотека Максима Мошкова (lib.ru),rus000183
"Островский, Александр Николаевич",Пучина,https://dracor.org/rus/ostrovsky-puchina,,1866,1866,Библиотека Максима Мошкова (lib.ru),rus000144
"Островский, Александр Николаевич",Волки и овцы,https://dracor.org/rus/ostrovsky-volki-i-ovtsy,1875,1875,1875,Интернет-библиотека Алексея Комарова,rus000027
"Островский, Александр Николаевич",Лес,https://dracor.org/rus/ostrovsky-les,1870,1871,1871,Библиотека Максима Мошкова (lib.ru),rus000085
"Островский, Александр Николаевич",Воспитанница,https://dracor.org/rus/ostrovsky-vospitannica,1858,1863,1859,Библиотека Максима Мошкова (lib.ru),rus000161
"Островский, Александр Николаевич","За чем пойдешь, то и найдешь (Женитьба Бальзаминова)",https://dracor.org/rus/ostrovsky-za-chem-pojdesh-to-i-najdesh,1861,1863,1861,Библиотека Максима Мошкова (lib.ru),rus000186
"Островский, Александр Николаевич",На бойком месте,https://dracor.org/rus/ostrovsky-na-bojkom-meste,,1865,1865,Библиотека Максима Мошкова (lib.ru),rus000143
"Островский, Александр Николаевич",Семейная картина,https://dracor.org/rus/ostrovsky-semejnaya-kartina,1847,1855,1847,Библиотека Максима Мошкова (lib.ru),rus000189
"Островский, Александр Николаевич",Бедная невеста,https://dracor.org/rus/ostrovsky-bednaja-nevesta,1851,1853,1852,Библиотека Максима Мошкова (lib.ru),rus000097
"Островский, Александр Николаевич",На всякого мудреца довольно простоты,https://dracor.org/rus/ostrovsky-na-vsyakogo-mudreca-dovolno-prostoty,1868,1868,1868,Библиотека Максима Мошкова (lib.ru),rus000101
"Островский, Александр Николаевич",Бедность не порок,https://dracor.org/rus/ostrovsky-bednost-ne-porok,1853,1854,1854,Интернет-библиотека Алексея Комарова,rus000032
"Островский, Александр Николаевич",Шутники,https://dracor.org/rus/ostrovsky-shutniki,1864,1864,,Библиотека Максима Мошкова (lib.ru),rus000181
"Островский, Александр Николаевич",Не от мира сего,https://dracor.org/rus/ostrovsky-ne-ot-mira-sego,1884,1885,1885,Библиотека Максима Мошкова (lib.ru),rus000202
"Островский, Александр Николаевич",Бешеные деньги,https://dracor.org/rus/ostrovsky-beshenye-dengi,1869,1870,1870,Библиотека Максима Мошкова (lib.ru),rus000156
"Островский, Александр Николаевич",Не сошлись характерами!,https://dracor.org/rus/ostrovsky-ne-soshlis-harakterami,1857,1858,1858,Библиотека Максима Мошкова (lib.ru),rus000196
"Островский, Александр Николаевич",Снегурочка,https://dracor.org/rus/ostrovsky-snegurochka,1873,1873,1873,Интернет-библиотека Алексея Комарова,rus000029
"Островский, Александр Николаевич",Старый друг лучше новых двух,https://dracor.org/rus/ostrovsky-staryj-drug-luchshe-novyh-dvuh,1860,1860,1860,Библиотека Максима Мошкова (lib.ru),rus000182
"Островский, Александр Николаевич",Бесприданница,https://dracor.org/rus/ostrovsky-bespridannitsa,1878,1878,1879,Интернет-библиотека Алексея Комарова,rus000031
"Островский, Александр Николаевич","Не так живи, как хочется",https://dracor.org/rus/ostrovsky-ne-tak-zhivi-kak-hochetsya,1854,1854,1855,Библиотека Максима Мошкова (lib.ru),rus000197
"Островский, Александр Николаевич",Без вины виноватые,https://dracor.org/rus/ostrovsky-bez-viny-vinovatye,1883,1884,1884,Библиотека Максима Мошкова (lib.ru),rus000162
"Островский, Александр Николаевич",Свои люди – сочтемся,https://dracor.org/rus/ostrovsky-svoi-ljudi,1849,1861,1850,Интернет-библиотека Алексея Комарова,rus000028
"Островский, Александр Николаевич",Не в свои сани не садись,https://dracor.org/rus/ostrovsky-ne-v-svoi-sani-ne-sadis,1852,1853,1853,Библиотека Максима Мошкова (lib.ru),rus000195
"Островский, Александр Николаевич",Богатые невесты,https://dracor.org/rus/ostrovsky-bogatye-nevesty,1875,1875,1876,Библиотека Максима Мошкова (lib.ru),rus000187
"Петров, Евгений Петрович",Остров мира,https://dracor.org/rus/petrov-ostrov-mira,1940,1947,1947,Библиотека Максима Мошкова (lib.ru),rus000169
"Писарев, Александр Иванович",Лукавин,https://dracor.org/rus/pisarev-lukavin,,1823,1823,Библиотека Максима Мошкова (lib.ru),rus000133
"Писарев, Александр Иванович",Наследница,https://dracor.org/rus/pisarev-naslednica,1824,1824,1824,Библиотека Максима Мошкова (lib.ru),rus000149
"Писарев, Александр Иванович",Поездка в Кронштадт,https://dracor.org/rus/pisarev-poezdka-v-kronshtadt,1823,1823,1824,Библиотека Максима Мошкова (lib.ru),rus000150
"Писемский, Алексей Феофилактович",Горькая судьбина,https://dracor.org/rus/pisemskij-gorkaja-sudbina,,1863,1859,Библиотека Максима Мошкова (lib.ru),rus000089
"Плавильщиков, Пётр Алексеевич","Ермак, покоритель Сибири",https://dracor.org/rus/plavilshchikov-ermak-pokoritel-sibiri,1803,1803,1806,Библиотека Максима Мошкова (lib.ru),rus000117
"Плавильщиков, Пётр Алексеевич",Сговор Кутейкина,https://dracor.org/rus/plavilshchikov-sgovor-kutejkina,,1789,1799,Wikisource,rus000026
"Прутков, Козьма",Блонды,https://dracor.org/rus/prutkov-blondy,1853,,1854,Wikisource,rus000025
"Прутков, Козьма","Черепослов, сиречь Френолог",https://dracor.org/rus/prutkov-chereposlov-sirech-frenolog,1856,,1860,Wikisource,rus000024
"Прутков, Козьма",Фантазия,https://dracor.org/rus/prutkov-fantaziya,1850,1851,,Wikisource,rus000094
"Прутков, Козьма","Опрометчивый Турка, или: Приятно ли быть внуком?",https://dracor.org/rus/prutkov-oprometchivyj-turka,,,1863,Библиотека Максима Мошкова (lib.ru),rus000098
"Прутков, Козьма",Спор древних греческих философов об изящном,https://dracor.org/rus/prutkov-spor-drevnih-grecheskih-filosofov,,,1854,Wikisource,rus000023
"Прутков, Козьма",Сродство мировых сил,https://dracor.org/rus/prutkov-srodstvo-mirovyh-sil,,,1884,Библиотека Максима Мошкова (lib.ru),rus000099
"Пушкин, Александр Сергеевич",Борис Годунов,https://dracor.org/rus/pushkin-boris-godunov,1825,1866,1831,Wikisource,rus000042
"Пушкин, Александр Сергеевич",Каменный гость,https://dracor.org/rus/pushkin-kamenniy-gost,1830,1872,1839,Интернет-библиотека Алексея Комарова,rus000021
"Пушкин, Александр Сергеевич",Моцарт и Сальери,https://dracor.org/rus/pushkin-mocart-i-saleri,1830,1832,1831,Wikisource,rus000020
"Пушкин, Александр Сергеевич",Пир во время чумы,https://dracor.org/rus/pushkin-pir-vo-vremja-chumy,1830,,1832,Интернет-библиотека Алексея Комарова,rus000019
"Пушкин, Александр Сергеевич",Русалка,https://dracor.org/rus/pushkin-rusalka,1832,,1837,Интернет-библиотека Алексея Комарова,rus000018
"Пушкин, Александр Сергеевич",Скупой рыцарь,https://dracor.org/rus/pushkin-skupoj-rytsar,1830,,1836,Интернет-библиотека Алексея Комарова,rus000017
"Пушкин, Александр Сергеевич",Сцены из рыцарских времен,https://dracor.org/rus/pushkin-stseny-iz-rytsarskih-vremen,1835,,1837,Интернет-библиотека Алексея Комарова,rus000016
"Ростопчина, Евдокия Петровна",Нелюдимка,https://dracor.org/rus/rostopchina-neludimka,1849,,1850,Библиотека Максима Мошкова (lib.ru),rus000142
"Салтыков-Щедрин, Михаил Евграфович",Смерть Пазухина,https://dracor.org/rus/saltykov-shchedrin-smert-pazuhina,,1889,1857,Русская виртуальная библиотека (rvb.ru),rus000095
"Соллогуб, Владимир Александрович",Чиновник,https://dracor.org/rus/sollogub-chinovnik,1856,1856,1856,Библиотека Максима Мошкова (lib.ru),rus000153
"Судовщиков, Николай Родионович","Неслыханное диво, или честный секретарь",https://dracor.org/rus/sudovshchikov-neslyhannoe-divo,,1809,1802,Библиотека Максима Мошкова (lib.ru),rus000157
"Сумароков, Александр Петрович",Пустая ссора,https://dracor.org/rus/sumarokov-pustaja-ssora,,1782,1781,Библиотека Максима Мошкова (lib.ru),rus000175
"Сумароков, Александр Петрович",Рогоносец по воображению,https://dracor.org/rus/sumarokov-rogonosets-po-voobrazheniju,1772,1782,1787,Библиотека Максима Мошкова (lib.ru),rus000174
"Сумароков, Александр Петрович",Семира,https://dracor.org/rus/sumarokov-semira,1751,1751,1768,Wikisource,rus000010
"Сумароков, Александр Петрович",Синав и Трувор,https://dracor.org/rus/sumarokov-sinav-i-truvor,,1750,1751,Библиотека Максима Мошкова (lib.ru),rus000116
"Сумароков, Александр Петрович",Ссора у мужа с женой,https://dracor.org/rus/sumarokov-ssora-u-muzha-s-zhenoj,1750,1751,1950,Библиотека Максима Мошкова (lib.ru),rus000176
"Сумароков, Александр Петрович",Тресотиниус,https://dracor.org/rus/sumarokov-tresotinius,1750,1750,1750,Библиотека Максима Мошкова (lib.ru),rus000171
"Сумароков, Александр Петрович",Артистона,https://dracor.org/rus/sumarokov-artistona,,1750,,Библиотека Максима Мошкова (lib.ru),rus000104
"Сумароков, Александр Петрович",Вздорщица,https://dracor.org/rus/sumarokov-vzdorschitsa,1770,1787,1787,Библиотека Максима Мошкова (lib.ru),rus000179
"Сумароков, Александр Петрович",Чудовищи,https://dracor.org/rus/sumarokov-chudovischi,1750,1750,1787,Библиотека Максима Мошкова (lib.ru),rus000173
"Сумароков, Александр Петрович",Димитрий Самозванец,https://dracor.org/rus/sumarokov-dimitrij-samozvanets,1770,1771,1771,Wikisource,rus000012
"Сумароков, Александр Петрович",Гамлет,https://dracor.org/rus/sumarokov-gamlet,1748,1757,1748,Журнальный зал,rus000165
"Сумароков, Александр Петрович",Хорев,https://dracor.org/rus/sumarokov-horev,1747,1750,1747,Wikisource,rus000011
"Сумароков, Александр Петрович",Опекун,https://dracor.org/rus/sumarokov-opekun,1765,,1765,Библиотека Максима Мошкова (lib.ru),rus000177
"Сумароков, Александр Петрович",Приданое обманом,https://dracor.org/rus/sumarokov-pridanoe-obmanom,1756,1756,1769,Библиотека Максима Мошкова (lib.ru),rus000178
"Сухово-Кобылин, Александр Васильевич",Дело,https://dracor.org/rus/sukhovo-kobylin-delo,1861,,1861,Wikisource,rus000015
"Сухово-Кобылин, Александр Васильевич",Смерть Тарелкина,https://dracor.org/rus/sukhovo-kobylin-smert-tarelkina,,1900,1869,Wikisource,rus000014
"Сухово-Кобылин, Александр Васильевич",Свадьба Кречинского,https://dracor.org/rus/sukhovo-kobylin-svadba-krechinskogo,1854,,1856,Wikisource,rus000013
"Толстой, Алексей Константинович",Смерть Иоанна Грозного,https://dracor.org/rus/tolstoy-smert-ioanna-groznogo,1866,1867,1866,Wikisource,rus000076
"Толстой, Алексей Константинович",Царь Борис,https://dracor.org/rus/tolstoy-tsar-boris,1870,1881,1870,Wikisource,rus000082
"Толстой, Алексей Константинович",Царь Фёдор Иоаннович,https://dracor.org/rus/tolstoy-tsar-fedor-ioannovich,1868,1890,1868,Wikisource,rus000081
"Толстой, Лев Николаевич","Власть тьмы, или 'коготок увяз, всей птичке пропасть'",https://dracor.org/rus/tolstoy-vlast-tmy,1886,1888,1887,Русская виртуальная библиотека (rvb.ru),rus000009
"Толстой, Лев Николаевич",Живой труп,https://dracor.org/rus/tolstoy-zhivoy-trup,1900,1911,1911,Русская виртуальная библиотека (rvb.ru),rus000084
"Третьяков, Сергей Михайлович",Противогазы,https://dracor.org/rus/tretyakov-protivogazy,,1924,1923,СовЛит (ruthenia.ru),rus000092
"Тургенев, Иван Сергеевич","Где тонко, там и рвётся",https://dracor.org/rus/turgenev-gde-tonko-tam-i-rvetsja,1847,1851,1848,Wikisource,rus000008
"Тургенев, Иван Сергеевич",Холостяк,https://dracor.org/rus/turgenev-holostjak,1849,1849,1849,Библиотека Максима Мошкова (lib.ru),rus000007
"Тургенев, Иван Сергеевич",Месяц в деревне,https://dracor.org/rus/turgenev-mesjats-v-derevne,1850,1872,1855,Русская виртуальная библиотека (rvb.ru),rus000112
"Тургенев, Иван Сергеевич",Нахлебник,https://dracor.org/rus/turgenev-nahlebnik,1848,1862,1857,Wikisource,rus000006
"Тургенев, Иван Сергеевич",Неосторожность,https://dracor.org/rus/turgenev-neostorozhnost,1843,,1843,Wikisource,rus000005
"Тургенев, Иван Сергеевич",Провинциалка,https://dracor.org/rus/turgenev-provintsialka,1850,1851,1851,Wikisource,rus000004
"Тургенев, Иван Сергеевич",Разговор на большой дороге,https://dracor.org/rus/turgenev-razgovor-na-bolshoj-doroge,,,1851,Wikisource,rus000003
"Тургенев, Иван Сергеевич",Вечер в Сорренте,https://dracor.org/rus/turgenev-vecher-v-sorrente,1852,1884,1888,Wikisource,rus000002
"Тургенев, Иван Сергеевич",Завтрак у предводителя,https://dracor.org/rus/turgenev-zavtrak-u-predvoditelja,1849,1849,1856,Wikisource,rus000001
"Фонвизин, Денис Иванович",Бригадир,https://dracor.org/rus/fonvizin-brigadir,1769,1772,1786,Интернет-библиотека Алексея Комарова,rus000058
"Фонвизин, Денис Иванович",Корион,https://dracor.org/rus/fonvizin-korion,1764,1764,,Русская виртуальная библиотека (rvb.ru),rus000103
"Фонвизин, Денис Иванович",Недоросль,https://dracor.org/rus/fonvizin-nedorosl,1781,1782,1783,Интернет-библиотека Алексея Комарова,rus000057
"Фонвизин, Денис Иванович",Выбор гувернера,https://dracor.org/rus/fonvizin-vybor-guvernera,,,1790,Русская виртуальная библиотека (rvb.ru),rus000100
"Херасков, Михаил Матвеевич",Освобожденная Москва,https://dracor.org/rus/kheraskov-osvobozhdennaja-moskva,,1798,1798,Русская виртуальная библиотека (rvb.ru),rus000111
"Херасков, Михаил Матвеевич",Пламена,https://dracor.org/rus/kheraskov-plamena,1762,,1765,Библиотека Максима Мошкова (lib.ru),rus000210
"Херасков, Михаил Матвеевич",Венецианская монахиня,https://dracor.org/rus/kheraskov-venecianskaya-monahinya,,1758,1758,Русская виртуальная библиотека (rvb.ru),rus000096
"Хлебников, Велимир",Снежимочка,https://dracor.org/rus/khlebnikov-snezhimochka,1908,,1915,Русская виртуальная библиотека (rvb.ru),rus000110
"Хмельницкий, Николай Иванович",Взаимные испытания,https://dracor.org/rus/khmelnitsky-vzaimnye-ispytaniya,1826,1829,1829,Библиотека Максима Мошкова (lib.ru),rus000124
"Хмельницкий, Николай Иванович",Говорун,https://dracor.org/rus/khmelnitsky-govorun,,1817,1817,Библиотека Максима Мошкова (lib.ru),rus000128
"Хмельницкий, Николай Иванович",Светский случай,https://dracor.org/rus/khmelnitsky-svetskiy-sluchay,,1826,1829,Библиотека Максима Мошкова (lib.ru),rus000123
"Хмельницкий, Николай Иванович",Воздушные замки,https://dracor.org/rus/khmelnitsky-vozdushnye-zamki,,1818,1818,Библиотека Максима Мошкова (lib.ru),rus000122
"Чехов, Антон Павлович",Чайка,https://dracor.org/rus/chekhov-chaika,1895,1896,1896,Интернет-библиотека Алексея Комарова,rus000072
"Чехов, Антон Павлович",Дядя Ваня,https://dracor.org/rus/chekhov-djadja-vanja,1896,1897,1897,Интернет-библиотека Алексея Комарова,rus000071
"Чехов, Антон Павлович",Иванов,https://dracor.org/rus/chekhov-ivanov,1888,1889,1889,Интернет-библиотека Алексея Комарова,rus000070
"Чехов, Антон Павлович",Юбилей,https://dracor.org/rus/chekhov-jubilej,1891,1900,1892,Wikisource,rus000069
"Чехов, Антон Павлович",Леший,https://dracor.org/rus/chekhov-leshii,1889,1889,1890,Интернет-библиотека Алексея Комарова,rus000068
"Чехов, Антон Павлович",Медведь,https://dracor.org/rus/chekhov-medved,1888,1888,1888,Интернет-библиотека Алексея Комарова,rus000067
"Чехов, Антон Павлович",На большой дороге,https://dracor.org/rus/chekhov-na-bolshoi-doroge,1884,,1914,Интернет-библиотека Алексея Комарова,rus000066
"Чехов, Антон Павлович",Ночь перед судом,https://dracor.org/rus/chekhov-noch-pered-sudom,1884,,1886,Интернет-библиотека Алексея Комарова,rus000065
"Чехов, Антон Павлович",Предложение,https://dracor.org/rus/chekhov-predlozhenie,1888,1889,1889,Интернет-библиотека Алексея Комарова,rus000064
"Чехов, Антон Павлович",Свадьба,https://dracor.org/rus/chekhov-svadba,1889,1900,1890,Интернет-библиотека Алексея Комарова,rus000063
"Чехов, Антон Павлович",Татьяна Репина,https://dracor.org/rus/chekhov-tatjana-repina,1889,,1889,Интернет-библиотека Алексея Комарова,rus000062
"Чехов, Антон Павлович",Трагик поневоле (Из дачной жизни),https://dracor.org/rus/chekhov-tragik-ponevole,1889,,1889,Интернет-библиотека Алексея Комарова,rus000061
"Чехов, Антон Павлович",Три сестры,https://dracor.org/rus/chekhov-tri-sestry,1900,1901,1901,Интернет-библиотека Алексея Комарова,rus000060
"Чехов, Антон Павлович",Вишневый сад,https://dracor.org/rus/chekhov-vishnevyi-sad,1903,1904,1904,Интернет-библиотека Алексея Комарова,rus000059
"Шаховской, Александр Александрович","Урок кокеткам, или липецкие воды",https://dracor.org/rus/shakhovskoy-urok-koketkam,,1815,1815,Библиотека Максима Мошкова (lib.ru),rus000077
"Шаховской, Александр Александрович","Не любо – не слушай, а лгать не мешай",https://dracor.org/rus/shakhovskoy-ne-lubo-ne-slushai,,1818,1818,Библиотека Максима Мошкова (lib.ru),rus000078
"Шаховской, Александр Александрович",Пустодомы,https://dracor.org/rus/shakhovskoy-pustodomy,,1819,1820,Библиотека Максима Мошкова (lib.ru),rus000079
"Шаховской, Александр Александрович","Своя семья, или замужняя невеста",https://dracor.org/rus/shakhovskoy-svoya-semya,,1818,1818,Библиотека Максима Мошкова (lib.ru),rus000080
"II, Екатерина",Из жизни Рюрика,https://dracor.org/rus/ekaterina-vtoraja-iz-zhizni-rjurika,1786,,1786,Библиотека Максима Мошкова (lib.ru),rus000208
"II, Екатерина",О время!,https://dracor.org/rus/ekaterina-vtoraja-o-vremja,1771,1772,1772,Библиотека Максима Мошкова (lib.ru),rus000207
"II, Екатерина",Расстроенная семья острожками и подозрениями,https://dracor.org/rus/ekaterina-vtoraja-rasstroennaja-semja,,,1786,Библиотека Максима Мошкова (lib.ru),rus000209
